name,economic_condition,fiscal_analysis,fiscal_stance,fiscal_stance_dum,monetary_policy,no_topic,other_policies,risk
20140604,0,0.0,0.0,1.0,0.0,0,0.25,0
20130617,0,-0.4,-0.3125,0.5,0.0,0,-0.625,0
20120518,0,-0.6666666666666666,-0.2857142857142857,0.7142857142857143,0.0,0,0.6666666666666666,0
20110526,0,0.0,-0.3333333333333333,0.3333333333333333,0.0,0,0.0,0
20170526,0,1.5,0.6,0.4,0.0,0,0.4,0
20160526,0,0.2,0.1111111111111111,0.6666666666666666,0.0,0,0.1,0
20150607,0,0.0,0.0,0.75,0.0,0,0.0,0
20090708,0,0.0,0.08333333333333333,0.25,0.0,0,0.0,0
20100625,0,0.0,0.0,1.0,0.0,0,0.0,0
